Model,MAE,RMSE,R²
Random Forest,0.03923371990678787,0.05963965354850091,0.9921447503419878
XGBoost,0.013259162064163442,0.024694579342681874,0.9986532312399676
LSTM,0.2818617178923559,0.33914420988677985,0.7459556599913991
